Model,MASE
SeasonalNaive,0.7052042087250281
SARIMAX,2.4997800702878035
Hybrid,2.499405145931746
