MAE,RMSE,MAPE,bucket,n_samples
0.00801374857669763,0.010814425298294746,119.9697220373397,high_past_vol,281
0.005609784788846768,0.007374938103642248,1254969.2601467145,low_past_vol,281
