,MAE,RMSE,sMAPE
SARIMAX,6.088694972709224,7.073594210166473,116.93239469104249
TFT,6.17171821169731,7.1462495990413375,120.16275811230727
Hybrid,6.17171821169731,7.1462495990413375,120.16275811230727
