,MAE,RMSE,MAPE
Baseline,0.009519130929237053,0.013038346127523893,1109167.2474430592
ML,0.006811766682772198,0.009255849679120543,627544.6149343757
DL,0.049772289925176155,0.13500099097197799,56984766.19938007
Hybrid,0.006822529343842428,0.009266904809944758,535335.5496502281
